{
  "gyro_noise": 0.009724919621185543,
  "accel_noise": 0.028553103945037735,
  "gyro_walk": 0.0009724919621185543,
  "accel_walk": 0.0028553103945037736,
  "gyro_std_xyz": [
    0.05052786278034944,
    0.0792382732686335,
    0.07253292837292333
  ],
  "accel_std_xyz": [
    0.46200219020181943,
    0.09921618185253574,
    0.032747073360647895
  ],
  "imu_rate_hz": 48.08096751188565,
  "static_duration_s": 28.713354
}