{
  "snapshot_id": 4,
  "wall_ts": 1776513387.9493139,
  "width": 2000,
  "height": 600,
  "resolution": 0.10000000149011612,
  "origin_x": -110.0,
  "origin_y": -50.0,
  "robot_xy": [
    -86.96517944335938,
    -16.340635299682617
  ],
  "n_occupied": 157714,
  "n_unknown": 0,
  "n_free": 1035648
}