{
  "snapshot_id": 12,
  "wall_ts": 1776513430.4493136,
  "width": 2000,
  "height": 600,
  "resolution": 0.10000000149011612,
  "origin_x": -110.0,
  "origin_y": -50.0,
  "robot_xy": [
    -82.49032592773438,
    -19.490577697753906
  ],
  "n_occupied": 158048,
  "n_unknown": 0,
  "n_free": 1035312
}