{
  "snapshot_id": 7,
  "wall_ts": 1776513403.949317,
  "width": 2000,
  "height": 600,
  "resolution": 0.10000000149011612,
  "origin_x": -110.0,
  "origin_y": -50.0,
  "robot_xy": [
    -85.55438995361328,
    -17.50478744506836
  ],
  "n_occupied": 157948,
  "n_unknown": 0,
  "n_free": 1035410
}