{
  "snapshot_id": 9,
  "wall_ts": 1776513414.4494054,
  "width": 2000,
  "height": 600,
  "resolution": 0.10000000149011612,
  "origin_x": -110.0,
  "origin_y": -50.0,
  "robot_xy": [
    -84.37689208984375,
    -18.329238891601562
  ],
  "n_occupied": 157863,
  "n_unknown": 0,
  "n_free": 1035496
}