{
  "snapshot_id": 6,
  "wall_ts": 1776513398.4493346,
  "width": 2000,
  "height": 600,
  "resolution": 0.10000000149011612,
  "origin_x": -110.0,
  "origin_y": -50.0,
  "robot_xy": [
    -86.06329345703125,
    -17.135805130004883
  ],
  "n_occupied": 157908,
  "n_unknown": 0,
  "n_free": 1035447
}