{
  "snapshot_id": 15,
  "wall_ts": 1776513446.4493074,
  "width": 2000,
  "height": 600,
  "resolution": 0.10000000149011612,
  "origin_x": -110.0,
  "origin_y": -50.0,
  "robot_xy": [
    -80.79259490966797,
    -20.498676300048828
  ],
  "n_occupied": 158585,
  "n_unknown": 0,
  "n_free": 1034757
}