{
  "snapshot_id": 3,
  "wall_ts": 1776513382.4493518,
  "width": 2000,
  "height": 600,
  "resolution": 0.10000000149011612,
  "origin_x": -110.0,
  "origin_y": -50.0,
  "robot_xy": [
    -87.4150619506836,
    -15.828505516052246
  ],
  "n_occupied": 157714,
  "n_unknown": 0,
  "n_free": 1035648
}