{
  "snapshot_id": 14,
  "wall_ts": 1776513440.949333,
  "width": 2000,
  "height": 600,
  "resolution": 0.10000000149011612,
  "origin_x": -110.0,
  "origin_y": -50.0,
  "robot_xy": [
    -81.32146453857422,
    -20.157367706298828
  ],
  "n_occupied": 158529,
  "n_unknown": 0,
  "n_free": 1034816
}