{
  "snapshot_id": 1,
  "wall_ts": 1776513371.449328,
  "width": 2000,
  "height": 600,
  "resolution": 0.10000000149011612,
  "origin_x": -110.0,
  "origin_y": -50.0,
  "robot_xy": [
    -88.08895874023438,
    -15.029592514038086
  ],
  "n_occupied": 157714,
  "n_unknown": 0,
  "n_free": 1035648
}