{
  "snapshot_id": 5,
  "wall_ts": 1776513393.4493244,
  "width": 2000,
  "height": 600,
  "resolution": 0.10000000149011612,
  "origin_x": -110.0,
  "origin_y": -50.0,
  "robot_xy": [
    -86.5678939819336,
    -16.736770629882812
  ],
  "n_occupied": 157820,
  "n_unknown": 0,
  "n_free": 1035533
}