{
  "snapshot_id": 8,
  "wall_ts": 1776513408.9493496,
  "width": 2000,
  "height": 600,
  "resolution": 0.10000000149011612,
  "origin_x": -110.0,
  "origin_y": -50.0,
  "robot_xy": [
    -85.01049041748047,
    -17.89389991760254
  ],
  "n_occupied": 157863,
  "n_unknown": 0,
  "n_free": 1035496
}