{
  "snapshot_id": 11,
  "wall_ts": 1776513424.9494464,
  "width": 2000,
  "height": 600,
  "resolution": 0.10000000149011612,
  "origin_x": -110.0,
  "origin_y": -50.0,
  "robot_xy": [
    -83.16739654541016,
    -19.09909439086914
  ],
  "n_occupied": 157955,
  "n_unknown": 0,
  "n_free": 1035401
}