{
  "snapshot_id": 0,
  "wall_ts": 1776513366.4493074,
  "width": 2000,
  "height": 600,
  "resolution": 0.10000000149011612,
  "origin_x": -110.0,
  "origin_y": -50.0,
  "robot_xy": [
    -88.08895111083984,
    -15.029587745666504
  ],
  "n_occupied": 157714,
  "n_unknown": 0,
  "n_free": 1035648
}