{
  "snapshot_id": 13,
  "wall_ts": 1776513435.9492922,
  "width": 2000,
  "height": 600,
  "resolution": 0.10000000149011612,
  "origin_x": -110.0,
  "origin_y": -50.0,
  "robot_xy": [
    -81.89765167236328,
    -19.828020095825195
  ],
  "n_occupied": 158371,
  "n_unknown": 0,
  "n_free": 1034982
}