{
  "snapshot_id": 10,
  "wall_ts": 1776513419.9493296,
  "width": 2000,
  "height": 600,
  "resolution": 0.10000000149011612,
  "origin_x": -110.0,
  "origin_y": -50.0,
  "robot_xy": [
    -83.73973846435547,
    -18.754606246948242
  ],
  "n_occupied": 157863,
  "n_unknown": 0,
  "n_free": 1035496
}