{
  "snapshot_id": 17,
  "wall_ts": 1776513456.9493353,
  "width": 2000,
  "height": 600,
  "resolution": 0.10000000149011612,
  "origin_x": -110.0,
  "origin_y": -50.0,
  "robot_xy": [
    -79.88108825683594,
    -21.265993118286133
  ],
  "n_occupied": 158549,
  "n_unknown": 0,
  "n_free": 1034792
}