{
  "snapshot_id": 16,
  "wall_ts": 1776513451.4494107,
  "width": 2000,
  "height": 600,
  "resolution": 0.10000000149011612,
  "origin_x": -110.0,
  "origin_y": -50.0,
  "robot_xy": [
    -80.39447021484375,
    -20.821176528930664
  ],
  "n_occupied": 158565,
  "n_unknown": 0,
  "n_free": 1034774
}