{
  "session": "2014-11-28-12-07-13",
  "method": "ORB-SLAM3 Stereo",
  "config": "RobotCar_Stereo.yaml",
  "total_frames": 6001,
  "tracked_frames": 4365,
  "tracking_ratio": 0.7273787702049659,
  "sim3_scale": 0.9657863189298637,
  "ate_sim3": {
    "rmse": 3.905573455695598,
    "mean": 3.688130634964874,
    "median": 3.8676867152912666,
    "std": 1.2849888860483012,
    "min": 0.8928611988691201,
    "max": 6.747704405346691
  },
  "ate_se3": {
    "rmse": 5.914841456534663,
    "mean": 5.464772847482166,
    "median": 5.072875417412542,
    "std": 2.263096812194023,
    "min": 1.2890451265583682,
    "max": 12.329326863462455
  },
  "rpe_1frame": {
    "trans_rmse": 0.4352527168301125,
    "trans_mean": 0.2752896547833173,
    "rot_rmse": 0.5544763104756397,
    "rot_mean": 0.2205067766544212
  },
  "rpe_1sec": {
    "trans_rmse": 6.706752376653629,
    "trans_mean": 4.387617234581657,
    "rot_rmse": 8.102873024151629,
    "rot_mean": 2.911789056052393
  },
  "trajectory_length_gt_m": 834.1206647153078,
  "trajectory_length_est_m": 821.9862575885106,
  "n_maps": 0
}