{
  "cam_calib": {
    "5": {
      "fx": 290.0,
      "fy": 290.0,
      "cx": 404.0,
      "cy": 308.0,
      "k1": 0.0,
      "k2": 0.0,
      "k3": 0.0,
      "k4": 0.0,
      "source": "default"
    },
    "4": {
      "fx": 290.0,
      "fy": 290.0,
      "cx": 404.0,
      "cy": 308.0,
      "k1": 0.0,
      "k2": 0.0,
      "k3": 0.0,
      "k4": 0.0,
      "source": "default"
    },
    "1": {
      "fx": 290.0,
      "fy": 290.0,
      "cx": 404.0,
      "cy": 308.0,
      "k1": 0.0,
      "k2": 0.0,
      "k3": 0.0,
      "k4": 0.0,
      "source": "default"
    }
  },
  "imu_noise": {
    "gyro_noise": 0.009724919621185543,
    "accel_noise": 0.028553103945037735,
    "gyro_walk": 0.0009724919621185543,
    "accel_walk": 0.0028553103945037736,
    "gyro_std_xyz": [
      0.05052786278034944,
      0.0792382732686335,
      0.07253292837292333
    ],
    "accel_std_xyz": [
      0.46200219020181943,
      0.09921618185253574,
      0.032747073360647895
    ],
    "imu_rate_hz": 48.08096751188565,
    "static_duration_s": 28.713354
  },
  "imu_paths": {
    "v1": "/workspace/slam_pipeline/results/week0_orbslam3_proper/imu_data/imu_v1.csv",
    "v2": "/workspace/slam_pipeline/results/week0_orbslam3_proper/imu_data/imu_v2.csv",
    "v3": "/workspace/slam_pipeline/results/week0_orbslam3_proper/imu_data/imu_v3.csv",
    "v4": "/workspace/slam_pipeline/results/week0_orbslam3_proper/imu_data/imu_v4.csv",
    "v5": "/workspace/slam_pipeline/results/week0_orbslam3_proper/imu_data/imu_v5.csv"
  },
  "Tbc": {
    "1": [
      [
        -0.9563047559630354,
        0.0,
        0.29237170472273677,
        0.05838973637781894
      ],
      [
        0.29237170472273677,
        0.0,
        0.9563047559630354,
        0.07850438047704283
      ],
      [
        0.0,
        1.0,
        0.0,
        -1.23
      ],
      [
        0.0,
        0.0,
        0.0,
        1.0
      ]
    ],
    "4": [
      [
        0.9510565162951535,
        0.0,
        0.30901699437494745,
        0.0597213595499958
      ],
      [
        0.30901699437494745,
        0.0,
        -0.9510565162951535,
        -0.07408452130361229
      ],
      [
        0.0,
        1.0,
        0.0,
        -1.23
      ],
      [
        0.0,
        0.0,
        0.0,
        1.0
      ]
    ],
    "5": [
      [
        -0.0,
        0.0,
        1.0,
        0.115
      ],
      [
        1.0,
        0.0,
        0.0,
        0.002
      ],
      [
        0.0,
        1.0,
        0.0,
        -1.23
      ],
      [
        0.0,
        0.0,
        0.0,
        1.0
      ]
    ]
  }
}