{
  "rtabmap": {
    "rmse": 9.23115884188376,
    "mean": 7.907800612416326,
    "median": 6.317810260320644,
    "max": 24.682219968550484,
    "count": 269,
    "scale": 0.276868759586805,
    "total_poses": 269
  },
  "orbslam3": {
    "rmse": 0.7933097141643728,
    "mean": 0.5256641410508172,
    "median": 0.36637296616121023,
    "max": 3.0770889510113872,
    "count": 505,
    "scale": 0.24132734934074795,
    "total_poses": 505
  },
  "gt_distance": 215.69101859087476,
  "gt_points": 108327
}