{
  "method": "DROID-SLAM",
  "session": "spring",
  "status": "success",
  "n_poses_total": 1847,
  "n_poses_synced": 705,
  "ate_rmse": 109.95139990759321,
  "ate_mean": 93.5813396619772,
  "ate_median": 84.13781883522344,
  "scale": 3.2685767143109836,
  "est_path_length_m": 1966.3882807825423,
  "gt_synced_length_m": 1923.8754970445298,
  "gt_full_length_m": 3186.047441405986,
  "coverage_pct": 60.38439578901982
}